id,first_name,last_name,full_name,sex,dob,nationality,club,competition_name,date_meet,event,category,heat_number,results,wind_factor,format
1,Carter,Brooks,Carter Brooks,Men,2011-05-12,Aelthoria,Eldrin Athletics Club,Local_1,2025-01-18,100m,U15,1,11.7,0.6,Timed final
2,Grayson,Cole,Grayson Cole,Men,2012-08-23,Aelthoria,Lumora Athletics Club,Local_1,2025-01-18,100m,U15,1,11.85,0.6,Timed final
3,Hunter,Reid,Hunter Reid,Men,2013-01-15,Aelthoria,Eldrin Athletics Club,Local_1,2025-01-18,100m,U15,1,12,0.6,Timed final
4,Parker,Lane,Parker Lane,Men,2011-11-30,Aelthoria,Thalindra Athletics Club,Local_1,2025-01-18,100m,U15,1,12.15,0.6,Timed final
5,Ryder,Stone,Ryder Stone,Men,2014-03-02,Aelthoria,Eldrin Athletics Club,Local_1,2025-01-18,100m,U15,1,12.3,0.6,Timed final
6,Ashton,Wells,Ashton Wells,Men,2012-06-19,Aelthoria,Thalindra Athletics Club,Local_1,2025-01-18,100m,U15,1,12.45,0.6,Timed final
7,Bryce,Tate,Bryce Tate,Men,2011-09-10,Aelthoria,Thalindra Athletics Club,Local_1,2025-01-18,100m,U15,1,12.6,0.6,Timed final
8,Colton,Pierce,Colton Pierce,Men,2013-07-25,Aelthoria,Eldrin Athletics Club,Local_1,2025-01-18,100m,U15,1,12.75,0.6,Timed final
9,Declan,Fox,Declan Fox,Men,2014-01-08,Aelthoria,Eldrin Athletics Club,Local_1,2025-01-18,100m,U15,2,11.75,0.4,Timed final
10,Easton,Grey,Easton Grey,Men,2011-12-14,Aelthoria,Vyrnwood Athletics Club,Local_1,2025-01-18,100m,U15,2,11.9,0.4,Timed final
11,Finn,Harper,Finn Harper,Men,2012-04-17,Aelthoria,Lumora Athletics Club,Local_1,2025-01-18,100m,U15,2,12.05,0.4,Timed final
12,Gideon,Knox,Gideon Knox,Men,2013-10-05,Aelthoria,Lumora Athletics Club,Local_1,2025-01-18,100m,U15,2,12.2,0.4,Timed final
13,Hayes,Jensen,Hayes Jensen,Men,2011-02-28,Aelthoria,Sylvara Athletics Club,Local_1,2025-01-18,100m,U15,2,12.35,0.4,Timed final
14,Jaxon,Miles,Jaxon Miles,Men,2014-05-21,Aelthoria,Lumora Athletics Club,Local_1,2025-01-18,100m,U15,2,12.5,0.4,Timed final
15,Kaden,Ross,Kaden Ross,Men,2012-11-11,Aelthoria,Vyrnwood Athletics Club,Local_1,2025-01-18,100m,U15,2,12.65,0.4,Timed final
16,Landon,Shaw,Landon Shaw,Men,2013-03-09,Aelthoria,Lumora Athletics Club,Local_1,2025-01-18,100m,U15,2,12.8,0.4,Timed final
17,Milo,Vance,Milo Vance,Men,2011-08-14,Aelthoria,Sylvara Athletics Club,Local_1,2025-01-18,100m,U15,3,11.8,0.2,Timed final
18,Nolan,Wade,Nolan Wade,Men,2011-10-03,Aelthoria,Thalindra Athletics Club,Local_1,2025-01-18,100m,U15,3,11.95,0.2,Timed final
19,Preston,York,Preston York,Men,2012-07-07,Aelthoria,Sylvara Athletics Club,Local_1,2025-01-18,100m,U15,3,12.1,0.2,Timed final
20,Rowan,Beck,Rowan Beck,Men,2011-06-30,Aelthoria,Eldrin Athletics Club,Local_1,2025-01-18,100m,U15,3,12.4,0.2,Timed final
21,Sawyer,Dean,Sawyer Dean,Men,2014-02-15,Aelthoria,Vyrnwood Athletics Club,Local_1,2025-01-18,100m,U15,3,12.55,0.2,Timed final
22,Tanner,Ford,Tanner Ford,Men,2012-09-18,Aelthoria,Eldrin Athletics Club,Local_1,2025-01-18,100m,U15,3,12.7,0.2,Timed final
23,Russell,Ryan,Russell Ryan,Men,2012-04-05,Aelthoria,Vyrnwood Athletics Club,Local_1,2025-01-18,100m,U15,3,12.46,0.2,Timed final
24,Weston,Hart,Weston Hart,Men,2013-04-05,Aelthoria,Lumora Athletics Club,Local_1,2025-01-18,100m,U15,3,12.85,0.2,Timed final
25,Zane,Kelly,Zane Kelly,Men,2011-11-22,Aelthoria,Lumora Athletics Club,Local_1,2025-01-18,100m,U15,4,11.85,0.3,Timed final
26,Brody,Lynch,Brody Lynch,Men,2012-01-09,Aelthoria,Lumora Athletics Club,Local_1,2025-01-18,100m,U15,4,12,0.3,Timed final
27,Chase,Morrow,Chase Morrow,Men,2013-08-14,Aelthoria,Vyrnwood Athletics Club,Local_1,2025-01-18,100m,U15,4,12.15,0.3,Timed final
28,Drew,Nolan,Drew Nolan,Men,2011-03-27,Aelthoria,Eldrin Athletics Club,Local_1,2025-01-18,100m,U15,4,12.3,0.3,Timed final
29,Eli,Parker,Eli Parker,Men,2014-07-03,Aelthoria,Thalindra Athletics Club,Local_1,2025-01-18,100m,U15,4,12.45,0.3,Timed final
30,Gage,Quinn,Gage Quinn,Men,2012-10-11,Aelthoria,Sylvara Athletics Club,Local_1,2025-01-18,100m,U15,4,12.6,0.3,Timed final
31,Jace,Riley,Jace Riley,Men,2013-05-29,Aelthoria,Eldrin Athletics Club,Local_1,2025-01-18,100m,U15,4,12.75,0.3,Timed final
32,Kai,Sutton,Kai Sutton,Men,2011-12-16,Aelthoria,Lumora Athletics Club,Local_1,2025-01-18,100m,U15,4,12.9,0.3,Timed final
33,Levi,Tucker,Levi Tucker,Men,2011-09-08,Aelthoria,Eldrin Athletics Club,Local_1,2025-01-18,100m,U15,5,11.9,0.1,Timed final
34,Max,Vaughn,Max Vaughn,Men,2012-02-24,Aelthoria,Sylvara Athletics Club,Local_1,2025-01-18,100m,U15,5,12.05,0.1,Timed final
35,Nash,Warren,Nash Warren,Men,2013-11-01,Aelthoria,Thalindra Athletics Club,Local_1,2025-01-18,100m,U15,5,12.2,0.1,Timed final
36,Owen,Xander,Owen Xander,Men,2011-07-13,Aelthoria,Eldrin Athletics Club,Local_1,2025-01-18,100m,U15,5,12.35,0.1,Timed final
37,Reid,John,Reid John,Men,2014-04-19,Aelthoria,Sylvara Athletics Club,Local_1,2025-01-18,100m,U15,5,12.5,0.1,Timed final
38,Silas,Zane,Silas Zane,Men,2012-12-06,Aelthoria,Vyrnwood Athletics Club,Local_1,2025-01-18,100m,U15,5,12.65,0.1,Timed final
39,Theo,Blake,Theo Blake,Men,2013-06-22,Aelthoria,Eldrin Athletics Club,Local_1,2025-01-18,100m,U15,5,12.8,0.1,Timed final
40,Wyatt,Cruz,Wyatt Cruz,Men,2011-01-31,Aelthoria,Eldrin Athletics Club,Local_1,2025-01-18,100m,U15,5,13.1,0.1,Timed final
41,Adrian,Holt,Adrian Holt,Men,2008-05-12,Aelthoria,Vyrnwood Athletics Club,Local_1,2025-01-18,100m,U18,1,11.1,0.6,Timed final
42,Bennett,Chase,Bennett Chase,Men,2009-08-23,Aelthoria,Lumora Athletics Club,Local_1,2025-01-18,100m,U18,1,11.25,0.6,Timed final
43,Camden,Drew,Camden Drew,Men,2008-11-15,Aelthoria,Eldrin Athletics Club,Local_1,2025-01-18,100m,U18,1,11.4,0.6,Timed final
44,Dax,Ellis,Dax Ellis,Men,2008-09-30,Aelthoria,Eldrin Athletics Club,Local_1,2025-01-18,100m,U18,1,11.55,0.6,Timed final
45,Emerson,Grant,Emerson Grant,Men,2009-03-02,Aelthoria,Vyrnwood Athletics Club,Local_1,2025-01-18,100m,U18,1,11.7,0.6,Timed final
46,Fletcher,Hayes,Fletcher Hayes,Men,2008-06-19,Aelthoria,Vyrnwood Athletics Club,Local_1,2025-01-18,100m,U18,1,11.85,0.6,Timed final
47,Garrett,Jace,Garrett Jace,Men,2008-12-10,Aelthoria,Vyrnwood Athletics Club,Local_1,2025-01-18,100m,U18,1,12,0.6,Timed final
48,Holden,Kane,Holden Kane,Men,2009-07-25,Aelthoria,Thalindra Athletics Club,Local_1,2025-01-18,100m,U18,1,12.15,0.6,Timed final
49,Ivan,Locke,Ivan Locke,Men,2008-01-08,Aelthoria,Lumora Athletics Club,Local_1,2025-01-18,100m,U18,2,11.15,0.4,Timed final
50,Jasper,Milo,Jasper Milo,Men,2009-04-14,Aelthoria,Sylvara Athletics Club,Local_1,2025-01-18,100m,U18,2,11.3,0.4,Timed final
51,Keegan,Nash,Keegan Nash,Men,2008-10-17,Aelthoria,Vyrnwood Athletics Club,Local_1,2025-01-18,100m,U18,2,11.45,0.4,Timed final
52,Lennox,Owen,Lennox Owen,Men,2008-06-05,Aelthoria,Thalindra Athletics Club,Local_1,2025-01-18,100m,U18,2,11.6,0.4,Timed final
53,Maddox,Reid,Maddox Reid,Men,2009-02-28,Aelthoria,Eldrin Athletics Club,Local_1,2025-01-18,100m,U18,2,11.75,0.4,Timed final
54,Nico,Sage,Nico Sage,Men,2008-08-21,Aelthoria,Sylvara Athletics Club,Local_1,2025-01-18,100m,U18,2,11.9,0.4,Timed final
55,Orion,Tate,Orion Tate,Men,2008-11-11,Aelthoria,Thalindra Athletics Club,Local_1,2025-01-18,100m,U18,2,12.05,0.4,Timed final
56,Phoenix,Ward,Phoenix Ward,Men,2009-05-09,Aelthoria,Thalindra Athletics Club,Local_1,2025-01-18,100m,U18,2,12.2,0.4,Timed final
57,Roman,Blair,Roman Blair,Men,2008-12-14,Aelthoria,Eldrin Athletics Club,Local_1,2025-01-18,100m,U18,3,11.2,0.2,Timed final
58,Soren,Cole,Soren Cole,Men,2008-03-03,Aelthoria,Lumora Athletics Club,Local_1,2025-01-18,100m,U18,3,11.35,0.2,Timed final
59,Titus,Dean,Titus Dean,Men,2009-07-07,Aelthoria,Vyrnwood Athletics Club,Local_1,2025-01-18,100m,U18,3,11.5,0.2,Timed final
60,Victor,Flynn,Victor Flynn,Men,2008-09-22,Aelthoria,Eldrin Athletics Club,Local_1,2025-01-18,100m,U18,3,11.65,0.2,Timed final
61,Wesley,Grey,Wesley Grey,Men,2008-06-30,Aelthoria,Vyrnwood Athletics Club,Local_1,2025-01-18,100m,U18,3,11.8,0.2,Timed final
62,Xavier,Holt,Xavier Holt,Men,2009-01-15,Aelthoria,Vyrnwood Athletics Club,Local_1,2025-01-18,100m,U18,3,11.95,0.2,Timed final
63,Zander,Kane,Zander Kane,Men,2008-10-18,Aelthoria,Thalindra Athletics Club,Local_1,2025-01-18,100m,U18,3,12.1,0.2,Timed final
64,Archer,Levi,Archer Levi,Men,2008-04-05,Aelthoria,Vyrnwood Athletics Club,Local_1,2025-01-18,100m,U18,3,12.25,0.2,Timed final
65,Beckett,Milo,Beckett Milo,Men,2009-02-22,Aelthoria,Sylvara Athletics Club,Local_1,2025-01-18,100m,U18,4,11.25,0.3,Timed final
66,Corbin,Nash,Corbin Nash,Men,2008-07-09,Aelthoria,Vyrnwood Athletics Club,Local_1,2025-01-18,100m,U18,4,11.4,0.3,Timed final
67,Damon,Pierce,Damon Pierce,Men,2008-08-14,Aelthoria,Eldrin Athletics Club,Local_1,2025-01-18,100m,U18,4,11.55,0.3,Timed final
68,Ezra,Quinn,Ezra Quinn,Men,2009-03-27,Aelthoria,Sylvara Athletics Club,Local_1,2025-01-18,100m,U18,4,11.7,0.3,Timed final
69,Finnley,Ross,Finnley Ross,Men,2008-11-03,Aelthoria,Vyrnwood Athletics Club,Local_1,2025-01-18,100m,U18,4,11.85,0.3,Timed final
70,Gideon,Shaw,Gideon Shaw,Men,2008-05-11,Aelthoria,Lumora Athletics Club,Local_1,2025-01-18,100m,U18,4,12,0.3,Timed final
71,Harley,Tate,Harley Tate,Men,2009-06-29,Aelthoria,Thalindra Athletics Club,Local_1,2025-01-18,100m,U18,4,12.15,0.3,Timed final
72,Isaiah,Vance,Isaiah Vance,Men,2008-12-16,Aelthoria,Sylvara Athletics Club,Local_1,2025-01-18,100m,U18,4,12.3,0.3,Timed final
73,Jonah,Wade,Jonah Wade,Men,2008-09-08,Aelthoria,Thalindra Athletics Club,Local_1,2025-01-18,100m,U18,5,11.3,0.1,Timed final
74,Kade,Xander,Kade Xander,Men,2009-04-24,Aelthoria,Eldrin Athletics Club,Local_1,2025-01-18,100m,U18,5,11.45,0.1,Timed final
75,Lincoln,York,Lincoln York,Men,2008-07-01,Aelthoria,Sylvara Athletics Club,Local_1,2025-01-18,100m,U18,5,11.6,0.1,Timed final
76,Miles,Zane,Miles Zane,Men,2008-10-13,Aelthoria,Vyrnwood Athletics Club,Local_1,2025-01-18,100m,U18,5,11.75,0.1,Timed final
77,Nolan,Adler,Nolan Adler,Men,2009-02-19,Aelthoria,Thalindra Athletics Club,Local_1,2025-01-18,100m,U18,5,11.9,0.1,Timed final
78,Preston,Beck,Preston Beck,Men,2008-08-06,Aelthoria,Eldrin Athletics Club,Local_1,2025-01-18,100m,U18,5,12.05,0.1,Timed final
79,Ryder,Dean,Ryder Dean,Men,2008-12-22,Aelthoria,Vyrnwood Athletics Club,Local_1,2025-01-18,100m,U18,5,12.2,0.1,Timed final
80,Tucker,Ford,Tucker Ford,Men,2009-01-31,Aelthoria,Eldrin Athletics Club,Local_1,2025-01-18,100m,U18,5,12.8,0.1,Timed final
81,Ace,Burton,Ace Burton,Men,2006-05-12,Aelthoria,Eldrin Athletics Club,Local_1,2025-01-18,100m,U20,1,10.7,0.6,Timed final
82,Blaze,Carter,Blaze Carter,Men,2006-08-23,Aelthoria,Lumora Athletics Club,Local_1,2025-01-18,100m,U20,1,10.85,0.6,Timed final
83,Cade,Donovan,Cade Donovan,Men,2006-11-15,Aelthoria,Eldrin Athletics Club,Local_1,2025-01-18,100m,U20,1,11,0.6,Timed final
84,Colt,Emerson,Colt Emerson,Men,2006-09-30,Aelthoria,Eldrin Athletics Club,Local_1,2025-01-18,100m,U20,1,11.15,0.6,Timed final
85,Dash,Felix,Dash Felix,Men,2006-03-02,Aelthoria,Vyrnwood Athletics Club,Local_1,2025-01-18,100m,U20,1,11.3,0.6,Timed final
86,Eli,Grayson,Eli Grayson,Men,2006-06-19,Aelthoria,Vyrnwood Athletics Club,Local_1,2025-01-18,100m,U20,1,11.45,0.6,Timed final
87,Finn,Hudson,Finn Hudson,Men,2006-12-10,Aelthoria,Vyrnwood Athletics Club,Local_1,2025-01-18,100m,U20,1,11.6,0.6,Timed final
88,Gabe,Irwin,Gabe Irwin,Men,2006-07-25,Aelthoria,Eldrin Athletics Club,Local_1,2025-01-18,100m,U20,1,11.75,0.6,Timed final
89,Hawk,Jasper,Hawk Jasper,Men,2006-01-08,Aelthoria,Eldrin Athletics Club,Local_1,2025-01-18,100m,U20,2,10.75,0.4,Timed final
90,Ian,Keller,Ian Keller,Men,2006-04-14,Aelthoria,Lumora Athletics Club,Local_1,2025-01-18,100m,U20,2,10.9,0.4,Timed final
91,Jett,Lawson,Jett Lawson,Men,2006-10-17,Aelthoria,Vyrnwood Athletics Club,Local_1,2025-01-18,100m,U20,2,11.05,0.4,Timed final
92,Kane,Maddox,Kane Maddox,Men,2006-06-05,Aelthoria,Lumora Athletics Club,Local_1,2025-01-18,100m,U20,2,11.2,0.4,Timed final
93,Lane,Nixon,Lane Nixon,Men,2006-02-28,Aelthoria,Eldrin Athletics Club,Local_1,2025-01-18,100m,U20,2,11.35,0.4,Timed final
94,Milo,Orion,Milo Orion,Men,2006-08-21,Aelthoria,Thalindra Athletics Club,Local_1,2025-01-18,100m,U20,2,11.5,0.4,Timed final
95,Nash,Porter,Nash Porter,Men,2006-11-11,Aelthoria,Eldrin Athletics Club,Local_1,2025-01-18,100m,U20,2,11.65,0.4,Timed final
96,Otto,Quinn,Otto Quinn,Men,2006-05-09,Aelthoria,Sylvara Athletics Club,Local_1,2025-01-18,100m,U20,2,11.8,0.4,Timed final
97,Pax,River,Pax River,Men,2006-12-14,Aelthoria,Thalindra Athletics Club,Local_1,2025-01-18,100m,U20,3,10.8,0.2,Timed final
98,Quill,Sage,Quill Sage,Men,1999-12-14,Aelthoria,Sylvara Athletics Club,Local_1,2025-01-18,100m,U20,3,10.95,0.2,Timed final
99,Rex,Tanner,Rex Tanner,Men,2006-07-07,Aelthoria,Lumora Athletics Club,Local_1,2025-01-18,100m,U20,3,11.1,0.2,Timed final
100,Slate,Tyson,Slate Tyson,Men,2006-09-22,Aelthoria,Eldrin Athletics Club,Local_1,2025-01-18,100m,U20,3,11.25,0.2,Timed final
101,Tate,Usher,Tate Usher,Men,2006-06-30,Aelthoria,Eldrin Athletics Club,Local_1,2025-01-18,100m,U20,3,11.4,0.2,Timed final
102,Vance,Wilder,Vance Wilder,Men,2006-01-15,Aelthoria,Thalindra Athletics Club,Local_1,2025-01-18,100m,U20,3,11.55,0.2,Timed final
103,Wade,Xavier,Wade Xavier,Men,2006-10-18,Aelthoria,Eldrin Athletics Club,Local_1,2025-01-18,100m,U20,3,11.7,0.2,Timed final
104,Zeke,Yarrow,Zeke Yarrow,Men,2006-04-05,Aelthoria,Sylvara Athletics Club,Local_1,2025-01-18,100m,U20,3,11.85,0.2,Timed final
105,Axel,Zane,Axel Zane,Men,2006-02-22,Aelthoria,Vyrnwood Athletics Club,Local_1,2025-01-18,100m,U20,4,10.85,0.3,Timed final
106,Daniel,Adler,Daniel Adler,Men,2006-07-09,Aelthoria,Thalindra Athletics Club,Local_1,2025-01-18,100m,U20,4,11,0.3,Timed final
107,Cruz,Beckett,Cruz Beckett,Men,2006-08-14,Aelthoria,Eldrin Athletics Club,Local_1,2025-01-18,100m,U20,4,11.15,0.3,Timed final
108,Drake,Corbin,Drake Corbin,Men,2006-03-27,Aelthoria,Eldrin Athletics Club,Local_1,2025-01-18,100m,U20,4,11.3,0.3,Timed final
109,Evan,Dash,Evan Dash,Men,2006-11-03,Aelthoria,Lumora Athletics Club,Local_1,2025-01-18,100m,U20,4,11.45,0.3,Timed final
110,Grant,Ezra,Grant Ezra,Men,2006-05-11,Aelthoria,Eldrin Athletics Club,Local_1,2025-01-18,100m,U20,4,11.6,0.3,Timed final
111,Hayes,Finn,Hayes Finn,Men,2006-06-29,Aelthoria,Thalindra Athletics Club,Local_1,2025-01-18,100m,U20,4,11.75,0.3,Timed final
112,Jace,Gideon,Jace Gideon,Men,2006-12-16,Aelthoria,Vyrnwood Athletics Club,Local_1,2025-01-18,100m,U20,4,11.9,0.3,Timed final
113,Knox,Harley,Knox Harley,Men,2006-09-08,Aelthoria,Lumora Athletics Club,Local_1,2025-01-18,100m,U20,5,10.9,0.1,Timed final
114,Levi,Isaiah,Levi Isaiah,Men,2006-04-24,Aelthoria,Eldrin Athletics Club,Local_1,2025-01-18,100m,U20,5,11.05,0.1,Timed final
115,Mason,Jonah,Mason Jonah,Men,2006-07-01,Aelthoria,Thalindra Athletics Club,Local_1,2025-01-18,100m,U20,5,11.2,0.1,Timed final
116,Nolan,Kade,Nolan Kade,Men,2006-10-13,Aelthoria,Thalindra Athletics Club,Local_1,2025-01-18,100m,U20,5,11.35,0.1,Timed final
117,Reid,Lincoln,Reid Lincoln,Men,2006-02-19,Aelthoria,Vyrnwood Athletics Club,Local_1,2025-01-18,100m,U20,5,11.5,0.1,Timed final
118,Silas,Miles,Silas Miles,Men,2006-08-06,Aelthoria,Lumora Athletics Club,Local_1,2025-01-18,100m,U20,5,11.65,0.1,Timed final
119,Theo,Preston,Theo Preston,Men,2006-12-22,Aelthoria,Eldrin Athletics Club,Local_1,2025-01-18,100m,U20,5,11.8,0.1,Timed final
120,Wyatt,Ryder,Wyatt Ryder,Men,2006-01-31,Aelthoria,Vyrnwood Athletics Club,Local_1,2025-01-18,100m,U20,5,12.2,0.1,Timed final
121,Bryce,Adler,Bryce Adler,Men,1998-05-12,Aelthoria,Vyrnwood Athletics Club,Local_1,2025-01-18,100m,Open,1,10.35,0.6,Timed final
122,Cole,Baxter,Cole Baxter,Men,2000-08-23,Aelthoria,Lumora Athletics Club,Local_1,2025-01-18,100m,Open,1,10.5,0.6,Timed final
123,Dane,Carver,Dane Carver,Men,1995-11-15,Aelthoria,Lumora Athletics Club,Local_1,2025-01-18,100m,Open,1,10.65,0.6,Timed final
124,Evan,Drake,Evan Drake,Men,2002-09-30,Aelthoria,Eldrin Athletics Club,Local_1,2025-01-18,100m,Open,1,10.8,0.6,Timed final
125,Finn,Easton,Finn Easton,Men,1997-03-02,Aelthoria,Sylvara Athletics Club,Local_1,2025-01-18,100m,Open,1,10.95,0.6,Timed final
126,Gage,Foster,Gage Foster,Men,2001-06-19,Aelthoria,Eldrin Athletics Club,Local_1,2025-01-18,100m,Open,1,11.1,0.6,Timed final
127,Holt,Grayson,Holt Grayson,Men,1999-12-10,Aelthoria,Vyrnwood Athletics Club,Local_1,2025-01-18,100m,Open,1,11.25,0.6,Timed final
128,Jace,Hunter,Jace Hunter,Men,2003-07-25,Aelthoria,Vyrnwood Athletics Club,Local_1,2025-01-18,100m,Open,1,11.4,0.6,Timed final
129,Kane,Irwin,Kane Irwin,Men,1996-01-08,Aelthoria,Eldrin Athletics Club,Local_1,2025-01-18,100m,Open,2,10.4,0.4,Timed final
130,Levi,Jaxon,Levi Jaxon,Men,2004-04-14,Aelthoria,Sylvara Athletics Club,Local_1,2025-01-18,100m,Open,2,10.55,0.4,Timed final
131,Milo,Kane,Milo Kane,Men,1998-10-17,Aelthoria,Thalindra Athletics Club,Local_1,2025-01-18,100m,Open,2,10.7,0.4,Timed final
132,Nash,Lawson,Nash Lawson,Men,2000-06-05,Aelthoria,Vyrnwood Athletics Club,Local_1,2025-01-18,100m,Open,2,10.85,0.4,Timed final
133,Owen,Maddox,Owen Maddox,Men,2002-02-28,Aelthoria,Lumora Athletics Club,Local_1,2025-01-18,100m,Open,2,11,0.4,Timed final
134,Reid,Nolan,Reid Nolan,Men,1997-08-21,Aelthoria,Eldrin Athletics Club,Local_1,2025-01-18,100m,Open,2,11.15,0.4,Timed final
135,Sage,Orion,Sage Orion,Men,2001-11-11,Aelthoria,Thalindra Athletics Club,Local_1,2025-01-18,100m,Open,2,11.3,0.4,Timed final
136,Tate,Preston,Tate Preston,Men,2003-05-09,Aelthoria,Eldrin Athletics Club,Local_1,2025-01-18,100m,Open,2,11.45,0.4,Timed final
137,Vance,Quill,Vance Quill,Men,1999-12-14,Aelthoria,Sylvara Athletics Club,Local_1,2025-01-18,100m,Open,3,10.45,0.2,Timed final
138,Wade,River,Wade River,Men,2001-03-03,Aelthoria,Thalindra Athletics Club,Local_1,2025-01-18,100m,Open,3,10.6,0.2,Timed final
139,Zane,Slate,Zane Slate,Men,1996-07-07,Aelthoria,Lumora Athletics Club,Local_1,2025-01-18,100m,Open,3,10.75,0.2,Timed final
140,Axel,Tanner,Axel Tanner,Men,2004-09-22,Aelthoria,Lumora Athletics Club,Local_1,2025-01-18,100m,Open,3,10.9,0.2,Timed final
141,Brock,Tyson,Brock Tyson,Men,1998-06-30,Aelthoria,Eldrin Athletics Club,Local_1,2025-01-18,100m,Open,3,11.05,0.2,Timed final
142,Clay,Usher,Clay Usher,Men,2000-01-15,Aelthoria,Eldrin Athletics Club,Local_1,2025-01-18,100m,Open,3,11.2,0.2,Timed final
143,Drew,Vance,Drew Vance,Men,2002-10-18,Aelthoria,Sylvara Athletics Club,Local_1,2025-01-18,100m,Open,3,11.35,0.2,Timed final
144,Eli,Wilder,Eli Wilder,Men,1997-04-05,Aelthoria,Thalindra Athletics Club,Local_1,2025-01-18,100m,Open,3,11.5,0.2,Timed final
145,Ford,Xavier,Ford Xavier,Men,2003-02-22,Aelthoria,Eldrin Athletics Club,Local_1,2025-01-18,100m,Open,4,10.5,0.3,Timed final
146,Grey,Yarrow,Grey Yarrow,Men,1999-07-09,Aelthoria,Sylvara Athletics Club,Local_1,2025-01-18,100m,Open,4,10.65,0.3,Timed final
147,Horrace,Tay,Horrace Tay,Men,2001-08-14,Aelthoria,Eldrin Athletics Club,Local_1,2025-01-18,100m,Open,4,10.8,0.3,Timed final
148,Ian,Archer,Ian Archer,Men,1995-03-27,Aelthoria,Thalindra Athletics Club,Local_1,2025-01-18,100m,Open,4,10.95,0.3,Timed final
149,Jett,Beckett,Jett Beckett,Men,2004-11-03,Aelthoria,Eldrin Athletics Club,Local_1,2025-01-18,100m,Open,4,11.1,0.3,Timed final
150,Knox,Corbin,Knox Corbin,Men,1998-05-11,Aelthoria,Eldrin Athletics Club,Local_1,2025-01-18,100m,Open,4,11.25,0.3,Timed final
151,Lane,Damon,Lane Damon,Men,2000-06-29,Aelthoria,Lumora Athletics Club,Local_1,2025-01-18,100m,Open,4,11.4,0.3,Timed final
152,Max,Ezra,Max Ezra,Men,2002-12-16,Aelthoria,Eldrin Athletics Club,Local_1,2025-01-18,100m,Open,4,11.55,0.3,Timed final
153,Nico,Finn,Nico Finn,Men,1997-09-08,Aelthoria,Thalindra Athletics Club,Local_1,2025-01-18,100m,Open,5,10.55,0.1,Timed final
154,Pax,Gideon,Pax Gideon,Men,2003-04-24,Aelthoria,Vyrnwood Athletics Club,Local_1,2025-01-18,100m,Open,5,10.7,0.1,Timed final
155,Rhett,Harley,Rhett Harley,Men,1999-07-01,Aelthoria,Lumora Athletics Club,Local_1,2025-01-18,100m,Open,5,10.85,0.1,Timed final
156,Seth,Isaiah,Seth Isaiah,Men,2001-10-13,Aelthoria,Eldrin Athletics Club,Local_1,2025-01-18,100m,Open,5,11,0.1,Timed final
157,Trey,Jonah,Trey Jonah,Men,2004-02-19,Aelthoria,Thalindra Athletics Club,Local_1,2025-01-18,100m,Open,5,11.15,0.1,Timed final
158,Wes,Kade,Wes Kade,Men,1996-08-06,Aelthoria,Thalindra Athletics Club,Local_1,2025-01-18,100m,Open,5,11.3,0.1,Timed final
159,Xavier,Lincoln,Xavier Lincoln,Men,2000-12-22,Aelthoria,Vyrnwood Athletics Club,Local_1,2025-01-18,100m,Open,5,11.45,0.1,Timed final
160,Zach,Miles,Zach Miles,Men,2002-01-31,Aelthoria,Lumora Athletics Club,Local_1,2025-01-18,100m,Open,5,11.9,0.1,Timed final
161,Avery,Blair,Avery Blair,Women,2011-05-12,Aelthoria,Eldrin Athletics Club,Local_1,2025-01-18,100m,U15,1,13.5,0.6,Timed final
162,Bryn,Carter,Bryn Carter,Women,2012-08-23,Aelthoria,Lumora Athletics Club,Local_1,2025-01-18,100m,U15,1,13.75,0.6,Timed final
163,Cora,Dixon,Cora Dixon,Women,2013-01-15,Aelthoria,Eldrin Athletics Club,Local_1,2025-01-18,100m,U15,1,14,0.6,Timed final
164,Daisy,Ellis,Daisy Ellis,Women,2011-11-30,Aelthoria,Eldrin Athletics Club,Local_1,2025-01-18,100m,U15,1,14.25,0.6,Timed final
165,Eden,Faye,Eden Faye,Women,2014-03-02,Aelthoria,Vyrnwood Athletics Club,Local_1,2025-01-18,100m,U15,1,14.5,0.6,Timed final
166,Fiona,Greer,Fiona Greer,Women,2012-06-19,Aelthoria,Vyrnwood Athletics Club,Local_1,2025-01-18,100m,U15,1,14.75,0.6,Timed final
167,Gwen,Hale,Gwen Hale,Women,2011-09-10,Aelthoria,Lumora Athletics Club,Local_1,2025-01-18,100m,U15,1,15,0.6,Timed final
168,Hazel,Ivy,Hazel Ivy,Women,2013-07-25,Aelthoria,Vyrnwood Athletics Club,Local_1,2025-01-18,100m,U15,1,15.25,0.6,Timed final
169,Isla,Jade,Isla Jade,Women,2013-01-08,Aelthoria,Eldrin Athletics Club,Local_1,2025-01-18,100m,U15,2,13.6,0.4,Timed final
170,Juniper,Kane,Juniper Kane,Women,2011-12-14,Aelthoria,Thalindra Athletics Club,Local_1,2025-01-18,100m,U15,2,13.85,0.4,Timed final
171,Kira,Lane,Kira Lane,Women,2012-04-17,Aelthoria,Thalindra Athletics Club,Local_1,2025-01-18,100m,U15,2,14.1,0.4,Timed final
172,Lila,Moss,Lila Moss,Women,2013-10-05,Aelthoria,Vyrnwood Athletics Club,Local_1,2025-01-18,100m,U15,2,14.35,0.4,Timed final
173,Maeve,Nora,Maeve Nora,Women,2011-02-28,Aelthoria,Thalindra Athletics Club,Local_1,2025-01-18,100m,U15,2,14.6,0.4,Timed final
174,Nia,Oaks,Nia Oaks,Women,2013-05-21,Aelthoria,Thalindra Athletics Club,Local_1,2025-01-18,100m,U15,2,14.85,0.4,Timed final
175,Opal,Pike,Opal Pike,Women,2012-11-11,Aelthoria,Eldrin Athletics Club,Local_1,2025-01-18,100m,U15,2,15.1,0.4,Timed final
176,Piper,Reeve,Piper Reeve,Women,2013-03-09,Aelthoria,Lumora Athletics Club,Local_1,2025-01-18,100m,U15,2,15.35,0.4,Timed final
177,Quinn,Sage,Quinn Sage,Women,2011-08-14,Aelthoria,Sylvara Athletics Club,Local_1,2025-01-18,100m,U15,3,13.7,0.2,Timed final
178,Rhea,Tate,Rhea Tate,Women,2011-10-03,Aelthoria,Eldrin Athletics Club,Local_1,2025-01-18,100m,U15,3,13.95,0.2,Timed final
179,Sadie,Vale,Sadie Vale,Women,2012-07-07,Aelthoria,Sylvara Athletics Club,Local_1,2025-01-18,100m,U15,3,14.2,0.2,Timed final
180,Talia,Wren,Talia Wren,Women,2013-12-22,Aelthoria,Eldrin Athletics Club,Local_1,2025-01-18,100m,U15,3,14.45,0.2,Timed final
181,Savannah,York,Savannah York,Women,2011-06-30,Aelthoria,Sylvara Athletics Club,Local_1,2025-01-18,100m,U15,3,14.7,0.2,Timed final
182,Ivy,Zara,Ivy Zara,Women,2013-02-15,Aelthoria,Vyrnwood Athletics Club,Local_1,2025-01-18,100m,U15,3,14.95,0.2,Timed final
183,Willa,Bryne,Willa Bryne,Women,2012-09-18,Aelthoria,Eldrin Athletics Club,Local_1,2025-01-18,100m,U15,3,15.2,0.2,Timed final
184,Xena,Cove,Xena Cove,Women,2013-04-05,Aelthoria,Eldrin Athletics Club,Local_1,2025-01-18,100m,U15,3,15.45,0.2,Timed final
185,Yara,Dell,Yara Dell,Women,2011-11-22,Aelthoria,Eldrin Athletics Club,Local_1,2025-01-18,100m,U15,4,13.8,0.3,Timed final
186,Zoe,Echo,Zoe Echo,Women,2012-01-09,Aelthoria,Sylvara Athletics Club,Local_1,2025-01-18,100m,U15,4,14.05,0.3,Timed final
187,Aria,Fern,Aria Fern,Women,2013-08-14,Aelthoria,Thalindra Athletics Club,Local_1,2025-01-18,100m,U15,4,14.3,0.3,Timed final
188,Blair,Glyn,Blair Glyn,Women,2011-03-27,Aelthoria,Vyrnwood Athletics Club,Local_1,2025-01-18,100m,U15,4,14.55,0.3,Timed final
189,Clara,Holt,Clara Holt,Women,2013-07-03,Aelthoria,Vyrnwood Athletics Club,Local_1,2025-01-18,100m,U15,4,14.8,0.3,Timed final
190,Delia,Iris,Delia Iris,Women,2012-10-11,Aelthoria,Eldrin Athletics Club,Local_1,2025-01-18,100m,U15,4,15.05,0.3,Timed final
191,Elise,June,Elise June,Women,2013-05-29,Aelthoria,Thalindra Athletics Club,Local_1,2025-01-18,100m,U15,4,15.3,0.3,Timed final
192,Freya,Knox,Freya Knox,Women,2011-12-16,Aelthoria,Lumora Athletics Club,Local_1,2025-01-18,100m,U15,4,15.55,0.3,Timed final
193,Gia,Lark,Gia Lark,Women,2011-09-08,Aelthoria,Thalindra Athletics Club,Local_1,2025-01-18,100m,U15,5,13.9,0.1,Timed final
194,Melina,Mira,Melina Mira,Women,2012-02-24,Aelthoria,Sylvara Athletics Club,Local_1,2025-01-18,100m,U15,5,14.15,0.1,Timed final
195,Indie,Nova,Indie Nova,Women,2013-11-01,Aelthoria,Thalindra Athletics Club,Local_1,2025-01-18,100m,U15,5,14.4,0.1,Timed final
196,Jade,Opal,Jade Opal,Women,2011-07-13,Aelthoria,Thalindra Athletics Club,Local_1,2025-01-18,100m,U15,5,14.65,0.1,Timed final
197,Kaya,Pearl,Kaya Pearl,Women,2013-04-19,Aelthoria,Thalindra Athletics Club,Local_1,2025-01-18,100m,U15,5,14.9,0.1,Timed final
198,Luna,Quinn,Luna Quinn,Women,2012-12-06,Aelthoria,Sylvara Athletics Club,Local_1,2025-01-18,100m,U15,5,15.15,0.1,Timed final
199,Mira,Rose,Mira Rose,Women,2013-06-22,Aelthoria,Thalindra Athletics Club,Local_1,2025-01-18,100m,U15,5,15.4,0.1,Timed final
200,Nova,Skye,Nova Skye,Women,2011-01-31,Aelthoria,Lumora Athletics Club,Local_1,2025-01-18,100m,U15,5,17,0.1,Timed final
201,Ava,Bliss,Ava Bliss,Women,2008-05-12,Aelthoria,Eldrin Athletics Club,Local_1,2025-01-18,100m,U18,1,12.1,0.6,Timed final
202,Bree,Cade,Bree Cade,Women,2009-08-23,Aelthoria,Eldrin Athletics Club,Local_1,2025-01-18,100m,U18,1,12.3,0.6,Timed final
203,Cali,Dove,Cali Dove,Women,2008-11-15,Aelthoria,Eldrin Athletics Club,Local_1,2025-01-18,100m,U18,1,12.5,0.6,Timed final
204,Demi,Elle,Demi Elle,Women,2008-09-30,Aelthoria,Eldrin Athletics Club,Local_1,2025-01-18,100m,U18,1,12.7,0.6,Timed final
205,Eira,Fawn,Eira Fawn,Women,2009-03-02,Aelthoria,Vyrnwood Athletics Club,Local_1,2025-01-18,100m,U18,1,12.9,0.6,Timed final
206,Faye,Gale,Faye Gale,Women,2008-06-19,Aelthoria,Sylvara Athletics Club,Local_1,2025-01-18,100m,U18,1,13.1,0.6,Timed final
207,Gina,Haze,Gina Haze,Women,2008-12-10,Aelthoria,Vyrnwood Athletics Club,Local_1,2025-01-18,100m,U18,1,13.3,0.6,Timed final
208,Hara,Isle,Hara Isle,Women,2009-07-25,Aelthoria,Eldrin Athletics Club,Local_1,2025-01-18,100m,U18,1,13.5,0.6,Timed final
209,Ivy,Jinx,Ivy Jinx,Women,2008-01-08,Aelthoria,Sylvara Athletics Club,Local_1,2025-01-18,100m,U18,2,12.15,0.4,Timed final
210,Jade,Kora,Jade Kora,Women,2009-04-14,Aelthoria,Thalindra Athletics Club,Local_1,2025-01-18,100m,U18,2,12.35,0.4,Timed final
211,Lynn,Kali,Lynn Kali,Women,2008-10-17,Aelthoria,Thalindra Athletics Club,Local_1,2025-01-18,100m,U18,2,12.55,0.4,Timed final
212,Lana,Mae,Lana Mae,Women,2008-06-05,Aelthoria,Lumora Athletics Club,Local_1,2025-01-18,100m,U18,2,12.75,0.4,Timed final
213,Mila,Nix,Mila Nix,Women,2009-02-28,Aelthoria,Vyrnwood Athletics Club,Local_1,2025-01-18,100m,U18,2,12.95,0.4,Timed final
214,Nora,Ode,Nora Ode,Women,2008-08-21,Aelthoria,Thalindra Athletics Club,Local_1,2025-01-18,100m,U18,2,13.15,0.4,Timed final
215,Oona,Pace,Oona Pace,Women,2008-11-11,Aelthoria,Thalindra Athletics Club,Local_1,2025-01-18,100m,U18,2,13.35,0.4,Timed final
216,Pia,Raine,Pia Raine,Women,2009-05-09,Aelthoria,Lumora Athletics Club,Local_1,2025-01-18,100m,U18,2,13.55,0.4,Timed final
217,Risa,Sloane,Risa Sloane,Women,2008-12-14,Aelthoria,Lumora Athletics Club,Local_1,2025-01-18,100m,U18,3,12.2,0.2,Timed final
218,Sana,Tide,Sana Tide,Women,2008-03-03,Aelthoria,Eldrin Athletics Club,Local_1,2025-01-18,100m,U18,3,12.4,0.2,Timed final
219,Tara,Vale,Tara Vale,Women,2009-07-07,Aelthoria,Sylvara Athletics Club,Local_1,2025-01-18,100m,U18,3,12.6,0.2,Timed final
220,Uma,Wisp,Uma Wisp,Women,2008-09-22,Aelthoria,Eldrin Athletics Club,Local_1,2025-01-18,100m,U18,3,12.8,0.2,Timed final
221,Hailey,Yale,Hailey Yale,Women,2008-06-30,Aelthoria,Sylvara Athletics Club,Local_1,2025-01-18,100m,U18,3,13,0.2,Timed final
222,Wren,Zoe,Wren Zoe,Women,2009-01-15,Aelthoria,Vyrnwood Athletics Club,Local_1,2025-01-18,100m,U18,3,13.2,0.2,Timed final
223,Tara,Bae,Tara Bae,Women,2008-10-18,Aelthoria,Lumora Athletics Club,Local_1,2025-01-18,100m,U18,3,13.4,0.2,Timed final
224,Yuna,Cora,Yuna Cora,Women,2008-04-05,Aelthoria,Eldrin Athletics Club,Local_1,2025-01-18,100m,U18,3,13.6,0.2,Timed final
225,Zara,Dawn,Zara Dawn,Women,2009-02-22,Aelthoria,Vyrnwood Athletics Club,Local_1,2025-01-18,100m,U18,4,12.25,0.3,Timed final
226,Alix,Eden,Alix Eden,Women,2008-07-09,Aelthoria,Sylvara Athletics Club,Local_1,2025-01-18,100m,U18,4,12.45,0.3,Timed final
227,Bria,Fae,Bria Fae,Women,2008-08-14,Aelthoria,Vyrnwood Athletics Club,Local_1,2025-01-18,100m,U18,4,12.65,0.3,Timed final
228,Cleo,Gwen,Cleo Gwen,Women,2009-03-27,Aelthoria,Sylvara Athletics Club,Local_1,2025-01-18,100m,U18,4,12.85,0.3,Timed final
229,Dara,Hara,Dara Hara,Women,2008-11-03,Aelthoria,Lumora Athletics Club,Local_1,2025-01-18,100m,U18,4,13.05,0.3,Timed final
230,Elsa,Iva,Elsa Iva,Women,2008-05-11,Aelthoria,Vyrnwood Athletics Club,Local_1,2025-01-18,100m,U18,4,13.25,0.3,Timed final
231,Fara,Jade,Fara Jade,Women,2009-06-29,Aelthoria,Eldrin Athletics Club,Local_1,2025-01-18,100m,U18,4,13.45,0.3,Timed final
232,Gala,Kaye,Gala Kaye,Women,2008-12-16,Aelthoria,Lumora Athletics Club,Local_1,2025-01-18,100m,U18,4,13.65,0.3,Timed final
233,Hedi,Lila,Hedi Lila,Women,2008-09-08,Aelthoria,Vyrnwood Athletics Club,Local_1,2025-01-18,100m,U18,5,12.3,0.1,Timed final
234,Ines,Mira,Ines Mira,Women,2009-04-24,Aelthoria,Sylvara Athletics Club,Local_1,2025-01-18,100m,U18,5,12.5,0.1,Timed final
235,Jana,Nola,Jana Nola,Women,2008-07-01,Aelthoria,Eldrin Athletics Club,Local_1,2025-01-18,100m,U18,5,12.7,0.1,Timed final
236,Kora,Pia,Kora Pia,Women,2008-10-13,Aelthoria,Eldrin Athletics Club,Local_1,2025-01-18,100m,U18,5,12.9,0.1,Timed final
237,Lena,Risa,Lena Risa,Women,2009-02-19,Aelthoria,Thalindra Athletics Club,Local_1,2025-01-18,100m,U18,5,13.1,0.1,Timed final
238,Mina,Sana,Mina Sana,Women,2008-08-06,Aelthoria,Lumora Athletics Club,Local_1,2025-01-18,100m,U18,5,13.3,0.1,Timed final
239,Nala,Tara,Nala Tara,Women,2008-12-22,Aelthoria,Thalindra Athletics Club,Local_1,2025-01-18,100m,U18,5,13.5,0.1,Timed final
240,Ornela,Veda,Ornela Veda,Women,2009-01-31,Aelthoria,Thalindra Athletics Club,Local_1,2025-01-18,100m,U18,5,15,0.1,Timed final
241,Aida,Bloom,Aida Bloom,Women,2006-05-12,Aelthoria,Sylvara Athletics Club,Local_1,2025-01-18,100m,U20,1,11.6,0.6,Timed final
242,Bela,Crane,Bela Crane,Women,2006-08-23,Aelthoria,Eldrin Athletics Club,Local_1,2025-01-18,100m,U20,1,11.8,0.6,Timed final
243,Cami,Dune,Cami Dune,Women,2006-11-15,Aelthoria,Sylvara Athletics Club,Local_1,2025-01-18,100m,U20,1,12,0.6,Timed final
244,Dina,Ember,Dina Ember,Women,2006-09-30,Aelthoria,Eldrin Athletics Club,Local_1,2025-01-18,100m,U20,1,12.2,0.6,Timed final
245,Elia,Flick,Elia Flick,Women,2006-03-02,Aelthoria,Eldrin Athletics Club,Local_1,2025-01-18,100m,U20,1,12.4,0.6,Timed final
246,Fina,Grove,Fina Grove,Women,2006-06-19,Aelthoria,Sylvara Athletics Club,Local_1,2025-01-18,100m,U20,1,12.6,0.6,Timed final
247,Gabi,Haven,Gabi Haven,Women,2006-12-10,Aelthoria,Lumora Athletics Club,Local_1,2025-01-18,100m,U20,1,12.8,0.6,Timed final
248,Hila,Iris,Hila Iris,Women,2006-07-25,Aelthoria,Eldrin Athletics Club,Local_1,2025-01-18,100m,U20,1,13,0.6,Timed final
249,Ida,Jade,Ida Jade,Women,2006-01-08,Aelthoria,Eldrin Athletics Club,Local_1,2025-01-18,100m,U20,2,11.65,0.4,Timed final
250,Jana,Kite,Jana Kite,Women,2006-04-14,Aelthoria,Lumora Athletics Club,Local_1,2025-01-18,100m,U20,2,11.85,0.4,Timed final
251,Kaya,Lark,Kaya Lark,Women,2006-10-17,Aelthoria,Thalindra Athletics Club,Local_1,2025-01-18,100m,U20,2,12.05,0.4,Timed final
252,Lia,Maeve,Lia Maeve,Women,2006-06-05,Aelthoria,Lumora Athletics Club,Local_1,2025-01-18,100m,U20,2,12.25,0.4,Timed final
253,Mara,Nix,Mara Nix,Women,2006-02-28,Aelthoria,Vyrnwood Athletics Club,Local_1,2025-01-18,100m,U20,2,12.45,0.4,Timed final
254,Nia,Ode,Nia Ode,Women,2006-08-21,Aelthoria,Thalindra Athletics Club,Local_1,2025-01-18,100m,U20,2,12.65,0.4,Timed final
255,Ola,Pace,Ola Pace,Women,2006-11-11,Aelthoria,Thalindra Athletics Club,Local_1,2025-01-18,100m,U20,2,12.85,0.4,Timed final
256,Pria,Raine,Pria Raine,Women,2006-05-09,Aelthoria,Lumora Athletics Club,Local_1,2025-01-18,100m,U20,2,13.05,0.4,Timed final
257,Raya,Sage,Raya Sage,Women,2006-12-14,Aelthoria,Sylvara Athletics Club,Local_1,2025-01-18,100m,U20,3,11.7,0.2,Timed final
258,Sia,Tide,Sia Tide,Women,2006-03-03,Aelthoria,Eldrin Athletics Club,Local_1,2025-01-18,100m,U20,3,11.9,0.2,Timed final
259,Tina,Vale,Tina Vale,Women,2006-07-07,Aelthoria,Sylvara Athletics Club,Local_1,2025-01-18,100m,U20,3,12.1,0.2,Timed final
260,Una,Wisp,Una Wisp,Women,2006-09-22,Aelthoria,Eldrin Athletics Club,Local_1,2025-01-18,100m,U20,3,12.3,0.2,Timed final
261,Vina,Yale,Vina Yale,Women,2006-06-30,Aelthoria,Sylvara Athletics Club,Local_1,2025-01-18,100m,U20,3,12.5,0.2,Timed final
262,Wyn,Zara,Wyn Zara,Women,2006-01-15,Aelthoria,Vyrnwood Athletics Club,Local_1,2025-01-18,100m,U20,3,12.7,0.2,Timed final
263,Xena,Bae,Xena Bae,Women,2006-10-18,Aelthoria,Lumora Athletics Club,Local_1,2025-01-18,100m,U20,3,12.9,0.2,Timed final
264,Yara,Cora,Yara Cora,Women,2006-04-05,Aelthoria,Eldrin Athletics Club,Local_1,2025-01-18,100m,U20,3,13.1,0.2,Timed final
265,Zia,Dawn,Zia Dawn,Women,2006-02-22,Aelthoria,Vyrnwood Athletics Club,Local_1,2025-01-18,100m,U20,4,11.75,0.3,Timed final
266,Alice,Eden,Alice Eden,Women,2006-07-09,Aelthoria,Sylvara Athletics Club,Local_1,2025-01-18,100m,U20,4,11.95,0.3,Timed final
267,Bryn,Fae,Bryn Fae,Women,2006-08-14,Aelthoria,Vyrnwood Athletics Club,Local_1,2025-01-18,100m,U20,4,12.15,0.3,Timed final
268,Cora,Gwen,Cora Gwen,Women,2006-03-27,Aelthoria,Sylvara Athletics Club,Local_1,2025-01-18,100m,U20,4,12.35,0.3,Timed final
269,Demi,Hara,Demi Hara,Women,2006-11-03,Aelthoria,Lumora Athletics Club,Local_1,2025-01-18,100m,U20,4,12.55,0.3,Timed final
270,Eira,Iva,Eira Iva,Women,2006-05-11,Aelthoria,Vyrnwood Athletics Club,Local_1,2025-01-18,100m,U20,4,12.75,0.3,Timed final
271,Faye,Jade,Faye Jade,Women,2006-06-29,Aelthoria,Eldrin Athletics Club,Local_1,2025-01-18,100m,U20,4,12.95,0.3,Timed final
272,Gina,Kaye,Gina Kaye,Women,2006-12-16,Aelthoria,Lumora Athletics Club,Local_1,2025-01-18,100m,U20,4,13.15,0.3,Timed final
273,Hara,Lila,Hara Lila,Women,2006-09-08,Aelthoria,Vyrnwood Athletics Club,Local_1,2025-01-18,100m,U20,5,11.8,0.1,Timed final
274,Ida,Mira,Ida Mira,Women,2006-04-24,Aelthoria,Sylvara Athletics Club,Local_1,2025-01-18,100m,U20,5,12,0.1,Timed final
275,Jade,Nola,Jade Nola,Women,2006-07-01,Aelthoria,Eldrin Athletics Club,Local_1,2025-01-18,100m,U20,5,12.2,0.1,Timed final
276,Kali,Pia,Kali Pia,Women,2006-10-13,Aelthoria,Eldrin Athletics Club,Local_1,2025-01-18,100m,U20,5,12.4,0.1,Timed final
277,Lana,Risa,Lana Risa,Women,2006-02-19,Aelthoria,Thalindra Athletics Club,Local_1,2025-01-18,100m,U20,5,12.6,0.1,Timed final
278,Mila,Sana,Mila Sana,Women,2006-08-06,Aelthoria,Lumora Athletics Club,Local_1,2025-01-18,100m,U20,5,12.8,0.1,Timed final
279,Nora,Tara,Nora Tara,Women,2006-12-22,Aelthoria,Thalindra Athletics Club,Local_1,2025-01-18,100m,U20,5,13,0.1,Timed final
280,Oona,Veda,Oona Veda,Women,2006-01-31,Aelthoria,Thalindra Athletics Club,Local_1,2025-01-18,100m,U20,5,14,0.1,Timed final
281,Aria,Blaze,Aria Blaze,Women,1998-05-12,Aelthoria,Eldrin Athletics Club,Local_1,2025-01-18,100m,Open,1,11.3,0.6,Timed final
282,Bryn,Crest,Bryn Crest,Women,2000-08-23,Aelthoria,Eldrin Athletics Club,Local_1,2025-01-18,100m,Open,1,11.5,0.6,Timed final
283,Cali,Drift,Cali Drift,Women,1995-11-15,Aelthoria,Sylvara Athletics Club,Local_1,2025-01-18,100m,Open,1,11.7,0.6,Timed final
284,Dara,Echo,Dara Echo,Women,2002-09-30,Aelthoria,Sylvara Athletics Club,Local_1,2025-01-18,100m,Open,1,11.9,0.6,Timed final
285,Eden,Flare,Eden Flare,Women,1997-03-02,Aelthoria,Thalindra Athletics Club,Local_1,2025-01-18,100m,Open,1,12.1,0.6,Timed final
286,Fina,Glade,Fina Glade,Women,2001-06-19,Aelthoria,Vyrnwood Athletics Club,Local_1,2025-01-18,100m,Open,1,12.3,0.6,Timed final
287,Gwen,Haze,Gwen Haze,Women,1999-12-10,Aelthoria,Vyrnwood Athletics Club,Local_1,2025-01-18,100m,Open,1,12.5,0.6,Timed final
288,Hara,Ibis,Hara Ibis,Women,2003-07-25,Aelthoria,Eldrin Athletics Club,Local_1,2025-01-18,100m,Open,1,12.7,0.6,Timed final
289,Isla,Jinx,Isla Jinx,Women,1996-01-08,Aelthoria,Sylvara Athletics Club,Local_1,2025-01-18,100m,Open,2,11.35,0.4,Timed final
290,Jazlyn,Kora,Jazlyn Kora,Women,2004-04-14,Aelthoria,Thalindra Athletics Club,Local_1,2025-01-18,100m,Open,2,11.55,0.4,Timed final
291,Kaya,Lush,Kaya Lush,Women,1998-10-17,Aelthoria,Lumora Athletics Club,Local_1,2025-01-18,100m,Open,2,11.75,0.4,Timed final
292,Lila,Mira,Lila Mira,Women,2000-06-05,Aelthoria,Sylvara Athletics Club,Local_1,2025-01-18,100m,Open,2,11.95,0.4,Timed final
293,Maeve,Nix,Maeve Nix,Women,2002-02-28,Aelthoria,Vyrnwood Athletics Club,Local_1,2025-01-18,100m,Open,2,12.15,0.4,Timed final
294,Nina,Oaks,Nina Oaks,Women,1997-08-21,Aelthoria,Thalindra Athletics Club,Local_1,2025-01-18,100m,Open,2,12.35,0.4,Timed final
295,Opal,Pace,Opal Pace,Women,2001-11-11,Aelthoria,Thalindra Athletics Club,Local_1,2025-01-18,100m,Open,2,12.55,0.4,Timed final
296,Sofi,Raine,Sofi Raine,Women,2003-05-09,Aelthoria,Lumora Athletics Club,Local_1,2025-01-18,100m,Open,2,12.75,0.4,Timed final
297,Sarah,Sage,Sarah Sage,Women,1999-12-14,Aelthoria,Sylvara Athletics Club,Local_1,2025-01-18,100m,Open,3,11.4,0.2,Timed final
298,Rhea,Tide,Rhea Tide,Women,2001-03-03,Aelthoria,Eldrin Athletics Club,Local_1,2025-01-18,100m,Open,3,11.6,0.2,Timed final
299,Sana,Vale,Sana Vale,Women,1996-07-07,Aelthoria,Sylvara Athletics Club,Local_1,2025-01-18,100m,Open,3,11.8,0.2,Timed final
300,Tara,Wisp,Tara Wisp,Women,2004-09-22,Aelthoria,Eldrin Athletics Club,Local_1,2025-01-18,100m,Open,3,12,0.2,Timed final
301,Sophia,Yale,Sophia Yale,Women,1998-06-30,Aelthoria,Sylvara Athletics Club,Local_1,2025-01-18,100m,Open,3,12.2,0.2,Timed final
302,Vera,Zara,Vera Zara,Women,2000-01-15,Aelthoria,Vyrnwood Athletics Club,Local_1,2025-01-18,100m,Open,3,12.4,0.2,Timed final
303,Willa,Bae,Willa Bae,Women,2002-10-18,Aelthoria,Lumora Athletics Club,Local_1,2025-01-18,100m,Open,3,12.6,0.2,Timed final
304,Xena,Cora,Xena Cora,Women,1997-04-05,Aelthoria,Eldrin Athletics Club,Local_1,2025-01-18,100m,Open,3,12.8,0.2,Timed final
305,Yara,Dawn,Yara Dawn,Women,2003-02-22,Aelthoria,Vyrnwood Athletics Club,Local_1,2025-01-18,100m,Open,4,11.45,0.3,Timed final
306,Zoe,Eden,Zoe Eden,Women,1999-07-09,Aelthoria,Sylvara Athletics Club,Local_1,2025-01-18,100m,Open,4,11.65,0.3,Timed final
307,Alix,Fae,Alix Fae,Women,2001-08-14,Aelthoria,Vyrnwood Athletics Club,Local_1,2025-01-18,100m,Open,4,11.85,0.3,Timed final
308,Bree,Gwen,Bree Gwen,Women,1995-03-27,Aelthoria,Sylvara Athletics Club,Local_1,2025-01-18,100m,Open,4,12.05,0.3,Timed final
309,Cora,Hara,Cora Hara,Women,2004-11-03,Aelthoria,Lumora Athletics Club,Local_1,2025-01-18,100m,Open,4,12.25,0.3,Timed final
310,Demi,Iva,Demi Iva,Women,1998-05-11,Aelthoria,Vyrnwood Athletics Club,Local_1,2025-01-18,100m,Open,4,12.45,0.3,Timed final
311,Eira,Jade,Eira Jade,Women,2000-06-29,Aelthoria,Eldrin Athletics Club,Local_1,2025-01-18,100m,Open,4,12.65,0.3,Timed final
312,Faye,Kaye,Faye Kaye,Women,2002-12-16,Aelthoria,Lumora Athletics Club,Local_1,2025-01-18,100m,Open,4,12.85,0.3,Timed final
313,Gina,Lila,Gina Lila,Women,1997-09-08,Aelthoria,Vyrnwood Athletics Club,Local_1,2025-01-18,100m,Open,5,11.5,0.1,Timed final
314,Hana,Mira,Hana Mira,Women,2003-04-24,Aelthoria,Sylvara Athletics Club,Local_1,2025-01-18,100m,Open,5,11.7,0.1,Timed final
315,Indie,Nola,Indie Nola,Women,1999-07-01,Aelthoria,Eldrin Athletics Club,Local_1,2025-01-18,100m,Open,5,11.9,0.1,Timed final
316,Jana,Pia,Jana Pia,Women,2001-10-13,Aelthoria,Eldrin Athletics Club,Local_1,2025-01-18,100m,Open,5,12.1,0.1,Timed final
317,Kali,Risa,Kali Risa,Women,2004-02-19,Aelthoria,Thalindra Athletics Club,Local_1,2025-01-18,100m,Open,5,12.3,0.1,Timed final
318,Lana,Sana,Lana Sana,Women,1996-08-06,Aelthoria,Sylvara Athletics Club,Local_1,2025-01-18,100m,Open,5,12.5,0.1,Timed final
319,Mila,Tara,Mila Tara,Women,2000-12-22,Aelthoria,Thalindra Athletics Club,Local_1,2025-01-18,100m,Open,5,12.7,0.1,Timed final
320,Nora,Veda,Nora Veda,Women,2002-01-31,Aelthoria,Thalindra Athletics Club,Local_1,2025-01-18,100m,Open,5,14,0.1,Timed final
